Website,PageRank
Ravelry,0.11592931781802712
LoveCrafts,0.05810647772418869
Premier Yarns,0.043650767700729086
Crochet.com,0.03401362768508936
Hobbii,0.03401362768508936
Easy Crochet,0.03401362768508936
Yarnspirations,0.03401362768508936
Lucy Kate Crochet,0.03401362768508936
Hayhay Crochet,0.03401362768508936
CrochetObjet,0.03401362768508936
AllFreeCrochet,0.03401362768508936
Lion Brand Yarn,0.03401362768508936
Evelyn And Peter Crochet,0.03401362768508936
The Weaving Witch,0.03401362768508936
Mezzacraft,0.03401362768508936
Mary Maxim,0.03401362768508936
MJ's Off The Hook Designs,0.03401362768508936
Make & Do Crew,0.03401362768508936
Crochet Society,0.03401362768508936
Sigoni Macaroni,0.03401362768508936
Jo To The World Creations,0.03401362768508936
A Crocheted Simplicity,0.03401362768508936
VivCrochets,0.03401362768508936
Crochetpedia,0.03401362768508936
Craft Passion,0.03401362768508936
Creative Crochet Corner,0.03401362768508936
