Website,URL
Crochet.com,https://www.crochet.com
LoveCrafts,https://www.lovecrafts.com
Easy Crochet,https://easycrochet.com
Hobbii,https://hobbii.com
Premier Yarns,https://www.premieryarns.com
Yarnspirations,https://www.yarnspirations.com
Lucy Kate Crochet,https://lucykatecrochet.com
Hayhay Crochet,https://hayhaycrochet.com
CrochetObjet,https://crochetobjet.com
Ravelry,https://www.ravelry.com
AllFreeCrochet,https://www.allfreecrochet.com
Lion Brand Yarn,https://www.lionbrand.com
Evelyn And Peter Crochet,https://www.eandpcrochet.com
The Weaving Witch,https://www.theweavingwitch.com
Mezzacraft,https://mezzacraft.com
Mary Maxim,https://www.marymaxim.com
MJ's Off The Hook Designs,https://www.mjsoffthehookdesigns.com
Make & Do Crew,https://makeanddocrew.com
Crochet Society,https://crochetsociety.co.uk
Sigoni Macaroni,https://www.sigonimacaroni.com
Jo To The World Creations,https://jototheworld.com
A Crocheted Simplicity,https://www.acrochetedsimplicity.com
VivCrochets,https://vivcrochets.com
Crochetpedia,https://crochetpedia.com
Craft Passion,https://www.craftpassion.com
Creative Crochet Corner,https://www.creativecrochetcorner.com